{
  "total_queries": 3,
  "avg_latency_ms": 752.813400021599,
  "recall_at_k": 1.0,
  "mean_reciprocal_rank": 0.8333333333333334,
  "pass_at_least_one_hit_rate": 1.0
}
